{
    "mean": [
        106.30138777377434,
        116.05986123069228,
        124.49347719090834
    ],
    "standard_deviation": [
        13.99436221767912,
        13.678113353897073,
        13.979325189457816
    ]
}